Character_Name,Population,Aspect_Ratio
A,0;2.8201219512195124;8.519345238095239;5.1067073170731705;0;0;7.964939024390244;0;8.689024390243901;0.855654761904762;6.6300366300366305;5.440900562851782;4.835164835164836;3.677298311444653;7.252747252747254;7.2544642857142865;0;0;0;7.403273809523809;7.142857142857142;0;0;0;0.2232142857142857,0.6479750871658325
a,6.666666666666667;10;9.619047619047619;8.904761904761905;19.61904761904762;8.952380952380953;0;0;0;15.761904761904763;7.658536585365853;0;0;0;16.146341463414636;9.238095238095239;0;0;3.8571428571428568;12.666666666666668;4.0476190476190474;10.523809523809524;9.714285714285714;10.809523809523808;8,1.1961722373962402
A,0;0.546448087431694;11.035585765693723;4.29352068696331;0;0;7.767369242779079;0;7.455113192818111;0.7596961215513794;3.225806451612903;11.09831029185868;4.799370574350905;7.027649769585254;8.929976396538159;7.676929228308676;0;0;0;7.596961215513795;7.716913234706118;0;0;0;6.797281087564974,0.6764705777168274
a,0;8.062709966405375;8.79815986198965;8.51063829787234;12.486002239641657;10.414333706606943;2.1836506159014557;0;0;18.53303471444569;10.583524027459955;0;0;0;21.052631578947366;10.862262038073908;0;0;0;19.316909294512875;9.574468085106384;9.126539753639417;8.338125359401955;9.518477043673013;16.629339305711085,0.807692289352417
