Character_Name,Population,Aspect_Ratio
A,0;2.8201219512195124;8.519345238095239;5.1067073170731705;0;0;7.964939024390244;0;8.689024390243901;0.855654761904762;6.6300366300366305;5.440900562851782;4.835164835164836;3.677298311444653;7.252747252747254;7.2544642857142865;0;0;0;7.403273809523809;7.142857142857142;0;0;0;0.2232142857142857,0.6479750871658325
